city,year_month,count
가평,2023-03,53
가평,2023-04,46
가평,2023-05,68
가평,2023-06,44
가평,2023-07,67
가평,2023-08,60
가평,2023-09,61
가평,2023-10,32
가평,2023-11,57
가평,2023-12,68
가평,2024-01,73
가평,2024-02,63
가평,2024-03,57
가평,2024-04,109
가평,2024-05,25
가평,2024-06,46
가평,2024-07,96
가평,2024-08,67
가평,2024-09,108
가평,2024-10,51
가평,2024-11,76
가평,2024-12,81
가평,2025-01,32
가평,2025-02,34
가평,2025-03,20
가평,2025-04,27
강릉,2023-03,691
강릉,2023-04,45
강릉,2023-05,1073
강릉,2023-06,705
강릉,2023-07,690
강릉,2023-08,726
강릉,2023-09,746
강릉,2023-10,690
강릉,2023-11,666
강릉,2023-12,692
강릉,2024-01,680
강릉,2024-02,683
강릉,2024-03,693
강릉,2024-04,653
강릉,2024-05,699
강릉,2024-06,689
강릉,2024-07,668
강릉,2024-08,671
강릉,2024-09,746
강릉,2024-10,667
강릉,2024-11,686
강릉,2024-12,697
강릉,2025-01,653
강릉,2025-02,669
강릉,2025-03,611
강릉,2025-04,636
강진,2023-03,92
강진,2023-04,101
강진,2023-05,84
강진,2023-06,89
강진,2023-07,95
강진,2023-08,103
강진,2023-09,109
강진,2023-10,94
강진,2023-11,104
강진,2023-12,104
강진,2024-01,94
강진,2024-02,96
강진,2024-03,89
강진,2024-04,100
강진,2024-05,105
강진,2024-06,112
강진,2024-07,106
강진,2024-09,130
강진,2024-10,116
강진,2024-11,99
강진,2024-12,85
강진,2025-01,108
강진,2025-02,98
강진,2025-03,98
강진,2025-04,78
거제,2023-03,195
거제,2023-04,295
거제,2023-05,267
거제,2023-06,252
거제,2023-07,261
거제,2023-08,251
거제,2023-09,266
거제,2023-10,285
거제,2023-11,185
거제,2023-12,229
거제,2024-01,289
거제,2024-02,183
거제,2024-03,289
거제,2024-04,242
거제,2024-05,232
거제,2024-06,294
거제,2024-07,258
거제,2024-08,278
거제,2024-09,257
거제,2024-10,267
거제,2024-11,238
거제,2024-12,250
거제,2025-01,246
거제,2025-02,298
거제,2025-03,256
거제,2025-04,262
거창,2023-03,100
거창,2023-04,113
거창,2023-05,125
거창,2023-06,116
거창,2023-07,95
거창,2023-08,124
거창,2023-09,155
거창,2023-10,103
거창,2023-11,4
거창,2023-12,106
거창,2024-01,116
거창,2024-02,99
거창,2024-03,105
거창,2024-04,102
거창,2024-05,99
거창,2024-06,134
거창,2024-07,103
거창,2024-08,166
거창,2024-09,16
거창,2024-10,159
거창,2024-11,20
거창,2024-12,117
거창,2025-01,108
거창,2025-02,110
거창,2025-03,104
거창,2025-04,99
경산,2023-03,706
경산,2023-04,709
경산,2023-05,739
경산,2023-06,698
경산,2023-07,767
경산,2023-08,736
경산,2023-09,729
경산,2023-10,729
경산,2023-11,678
경산,2023-12,766
경산,2024-01,712
경산,2024-02,718
경산,2024-03,725
경산,2024-04,757
경산,2024-05,565
경산,2024-06,810
경산,2024-07,746
경산,2024-08,830
경산,2024-09,761
경산,2024-10,774
경산,2024-11,763
경산,2024-12,751
경산,2025-01,772
경산,2025-02,782
경산,2025-03,723
경산,2025-04,761
경주,2023-03,934
경주,2023-04,921
경주,2023-05,992
경주,2023-06,957
경주,2023-07,974
경주,2023-08,1007
경주,2023-09,986
경주,2023-10,982
경주,2023-11,968
경주,2023-12,965
경주,2024-01,968
경주,2024-02,963
경주,2024-03,964
경주,2024-04,943
경주,2024-05,901
경주,2024-06,557
경주,2024-07,1114
경주,2024-08,948
경주,2024-09,940
경주,2024-10,911
경주,2024-11,820
경주,2024-12,955
경주,2025-01,832
경주,2025-02,947
경주,2025-03,815
경주,2025-04,904
계룡,2023-03,38
계룡,2023-04,46
계룡,2023-05,52
계룡,2023-06,64
계룡,2023-07,53
계룡,2023-08,51
계룡,2023-09,16
계룡,2023-10,60
계룡,2023-11,15
계룡,2023-12,49
계룡,2024-01,55
계룡,2024-03,44
계룡,2024-04,32
계룡,2024-05,97
계룡,2024-07,47
계룡,2024-08,44
계룡,2024-09,46
계룡,2024-10,51
계룡,2024-12,92
계룡,2025-01,60
계룡,2025-02,53
계룡,2025-03,46
계룡,2025-04,46
고령,2023-03,55
고령,2023-04,52
고령,2023-05,60
고령,2023-06,58
고령,2023-07,65
고령,2023-08,61
고령,2023-09,53
고령,2023-10,54
고령,2023-11,53
고령,2023-12,61
고령,2024-01,60
고령,2024-02,52
고령,2024-03,60
고령,2024-04,76
고령,2024-05,64
고령,2024-06,56
고령,2024-07,18
고령,2024-08,81
고령,2024-09,48
고령,2024-10,71
고령,2024-11,52
고령,2024-12,70
고령,2025-01,58
고령,2025-02,70
고령,2025-03,55
고령,2025-04,69
고성,2023-03,121
고성,2023-04,119
고성,2023-05,132
고성,2023-06,132
고성,2023-07,132
고성,2023-08,123
고성,2023-09,134
고성,2023-10,131
고성,2023-11,114
고성,2023-12,107
고성,2024-01,142
고성,2024-02,97
고성,2024-03,131
고성,2024-04,102
고성,2024-05,131
고성,2024-06,148
고성,2024-07,135
고성,2024-08,142
고성,2024-09,129
고성,2024-10,134
고성,2024-11,111
고성,2024-12,126
고성,2025-01,119
고성,2025-02,150
고성,2025-03,136
고성,2025-04,138
고양,2023-03,2481
고양,2023-04,2457
고양,2023-05,3206
고양,2023-06,572
고양,2023-07,3109
고양,2023-08,3328
고양,2023-09,1887
고양,2023-10,2463
고양,2023-11,2827
고양,2023-12,2426
고양,2024-01,2489
고양,2024-02,2531
고양,2024-03,2427
고양,2024-04,2668
고양,2024-05,1997
고양,2024-06,1875
고양,2024-07,2653
고양,2024-08,2464
고양,2024-09,2288
고양,2024-10,2318
고양,2024-11,2380
고양,2024-12,2526
고양,2025-01,1595
고양,2025-02,2755
고양,2025-03,2333
고양,2025-04,2379
고창,2023-03,88
고창,2023-04,114
고창,2023-05,114
고창,2023-06,104
고창,2023-07,114
고창,2023-08,132
고창,2023-09,17
고창,2023-10,111
고창,2023-11,108
고창,2023-12,92
고창,2024-01,109
고창,2024-02,106
고창,2024-03,114
고창,2024-04,96
고창,2024-05,119
고창,2024-06,97
고창,2024-07,110
고창,2024-09,139
고창,2024-10,116
고창,2024-11,115
고창,2024-12,99
고창,2025-01,115
고창,2025-02,100
고창,2025-03,106
고창,2025-04,88
고흥,2023-03,147
고흥,2023-04,144
고흥,2023-05,155
고흥,2023-06,162
고흥,2023-07,155
고흥,2023-08,155
고흥,2023-09,134
고흥,2023-10,156
고흥,2023-11,127
고흥,2023-12,151
고흥,2024-01,155
고흥,2024-02,159
고흥,2024-03,150
고흥,2024-04,147
고흥,2024-05,158
고흥,2024-06,155
고흥,2024-07,144
고흥,2024-09,208
고흥,2024-10,163
고흥,2024-11,150
고흥,2024-12,129
고흥,2025-01,162
고흥,2025-02,113
고흥,2025-03,158
고흥,2025-04,136
곡성,2023-03,42
곡성,2023-04,42
곡성,2023-05,36
곡성,2023-06,31
곡성,2023-07,37
곡성,2023-08,39
곡성,2023-09,43
곡성,2023-10,41
곡성,2023-11,36
곡성,2023-12,37
곡성,2024-01,35
곡성,2024-02,39
곡성,2024-03,40
곡성,2024-04,20
곡성,2024-05,42
곡성,2024-06,19
곡성,2024-07,40
곡성,2024-09,49
곡성,2024-10,41
곡성,2024-11,42
곡성,2024-12,38
곡성,2025-01,40
곡성,2025-02,40
곡성,2025-03,40
곡성,2025-04,36
공주,2023-03,140
공주,2023-04,26
공주,2023-05,128
공주,2023-06,109
공주,2023-07,120
공주,2023-08,165
공주,2023-09,147
공주,2023-10,176
공주,2023-11,91
공주,2023-12,177
공주,2024-01,150
공주,2024-02,87
공주,2024-03,147
공주,2024-04,159
공주,2024-05,188
공주,2024-06,148
공주,2024-07,107
공주,2024-08,153
공주,2024-09,117
공주,2024-10,161
공주,2024-11,180
공주,2024-12,145
공주,2025-01,162
공주,2025-02,114
공주,2025-03,164
공주,2025-04,174
과천,2023-03,26
과천,2023-04,1
과천,2023-05,40
과천,2023-06,1
과천,2023-07,7
과천,2023-08,29
과천,2023-09,31
과천,2023-10,29
과천,2023-11,24
과천,2023-12,28
과천,2024-01,32
과천,2024-02,29
과천,2024-03,28
과천,2024-04,30
과천,2024-05,31
과천,2024-06,35
과천,2024-07,29
과천,2024-08,32
과천,2024-10,43
과천,2024-11,29
과천,2024-12,30
과천,2025-01,30
과천,2025-02,36
과천,2025-03,29
과천,2025-04,31
광명,2023-03,1449
광명,2023-04,1608
광명,2023-05,1614
광명,2023-06,1567
광명,2023-07,1660
광명,2023-08,1530
광명,2023-09,1246
광명,2023-10,1689
광명,2023-11,1577
광명,2023-12,1050
광명,2024-01,1216
광명,2024-02,1355
광명,2024-03,1392
광명,2024-04,1343
광명,2024-05,1337
광명,2024-06,1415
광명,2024-07,1388
광명,2024-08,1360
광명,2024-09,1400
광명,2024-10,1357
광명,2024-11,1264
광명,2024-12,1338
광명,2025-01,1252
광명,2025-02,1395
광명,2025-03,1324
광명,2025-04,1271
광양,2023-03,173
광양,2023-04,173
광양,2023-05,171
광양,2023-06,173
광양,2023-07,188
광양,2023-08,187
광양,2023-09,176
광양,2023-10,183
광양,2023-11,177
광양,2023-12,188
광양,2024-01,198
광양,2024-02,166
광양,2024-03,178
광양,2024-04,194
광양,2024-05,176
광양,2024-06,163
광양,2024-07,169
광양,2024-09,234
광양,2024-10,175
광양,2024-11,146
광양,2024-12,162
광양,2025-01,172
광양,2025-02,176
광양,2025-03,186
광양,2025-04,181
광주,2023-03,315
광주,2023-04,318
광주,2023-05,340
광주,2023-06,352
광주,2023-07,354
광주,2023-08,344
광주,2023-09,296
광주,2023-10,357
광주,2023-11,352
광주,2023-12,389
광주,2024-01,362
광주,2024-02,388
광주,2024-03,357
광주,2024-04,359
광주,2024-05,401
광주,2024-06,482
광주,2024-07,417
광주,2024-08,173
광주,2024-09,534
광주,2024-10,394
광주,2024-11,388
광주,2024-12,414
광주,2025-01,367
광주,2025-02,427
광주,2025-03,422
광주,2025-04,421
괴산,2023-03,69
괴산,2023-04,70
괴산,2023-05,81
괴산,2023-06,94
괴산,2023-07,68
괴산,2023-08,36
괴산,2023-09,65
괴산,2023-10,87
괴산,2023-11,29
괴산,2023-12,68
괴산,2024-01,70
괴산,2024-02,67
괴산,2024-03,75
괴산,2024-04,81
괴산,2024-05,71
괴산,2024-06,16
괴산,2024-07,73
괴산,2024-08,69
괴산,2024-09,69
괴산,2024-10,66
괴산,2024-11,71
괴산,2024-12,70
괴산,2025-01,76
괴산,2025-02,66
괴산,2025-03,72
괴산,2025-04,70
구례,2023-03,69
구례,2023-04,74
구례,2023-05,71
구례,2023-06,82
구례,2023-07,70
구례,2023-08,77
구례,2023-09,84
구례,2023-10,73
구례,2023-11,76
구례,2023-12,76
구례,2024-01,77
구례,2024-02,81
구례,2024-03,74
구례,2024-04,69
구례,2024-05,70
구례,2024-06,74
구례,2024-07,75
구례,2024-09,95
구례,2024-10,83
구례,2024-11,66
구례,2024-12,64
구례,2025-01,70
구례,2025-02,78
구례,2025-03,74
구례,2025-04,68
구리,2023-03,282
구리,2023-04,281
구리,2023-05,267
구리,2023-06,266
구리,2023-07,287
구리,2023-08,248
구리,2023-09,221
구리,2023-10,49
구리,2023-11,307
구리,2023-12,301
구리,2024-01,257
구리,2024-02,255
구리,2024-03,256
구리,2024-04,249
구리,2024-05,255
구리,2024-06,241
구리,2024-07,262
구리,2024-08,280
구리,2024-09,246
구리,2024-10,265
구리,2024-11,245
구리,2024-12,256
구리,2025-01,263
구리,2025-02,254
구리,2025-03,267
구리,2025-04,275
구미,2023-03,556
구미,2023-04,540
구미,2023-05,577
구미,2023-06,565
구미,2023-07,563
구미,2023-08,583
구미,2023-09,600
구미,2023-10,617
구미,2023-11,564
구미,2023-12,549
구미,2024-01,586
구미,2024-02,499
구미,2024-03,561
구미,2024-04,565
구미,2024-05,580
구미,2024-06,586
구미,2024-07,517
구미,2024-08,719
구미,2024-09,533
구미,2024-10,598
구미,2024-11,514
구미,2024-12,492
구미,2025-01,459
구미,2025-02,532
구미,2025-03,461
구미,2025-04,494
군산,2023-03,719
군산,2023-04,711
군산,2023-05,712
군산,2023-06,737
군산,2023-07,708
군산,2023-08,718
군산,2023-09,661
군산,2023-10,700
군산,2023-11,743
군산,2023-12,719
군산,2024-01,681
군산,2024-02,811
군산,2024-03,622
군산,2024-04,745
군산,2024-05,727
군산,2024-06,795
군산,2024-07,762
군산,2024-09,986
군산,2024-10,795
군산,2024-11,773
군산,2024-12,772
군산,2025-01,751
군산,2025-02,804
군산,2025-03,725
군산,2025-04,706
군포,2023-03,488
군포,2023-04,458
군포,2023-05,402
군포,2023-06,455
군포,2023-07,612
군포,2023-08,523
군포,2023-09,383
군포,2023-10,533
군포,2023-11,466
군포,2023-12,462
군포,2024-01,336
군포,2024-02,436
군포,2024-03,456
군포,2024-04,448
군포,2024-05,472
군포,2024-06,454
군포,2024-07,470
군포,2024-08,514
군포,2024-09,364
군포,2024-10,458
군포,2024-11,443
군포,2024-12,521
군포,2025-01,53
군포,2025-02,552
군포,2025-03,478
군포,2025-04,454
금산,2023-03,76
금산,2023-04,90
금산,2023-05,79
금산,2023-06,95
금산,2023-07,87
금산,2023-08,75
금산,2023-09,85
금산,2023-10,80
금산,2023-11,65
금산,2023-12,87
금산,2024-01,77
금산,2024-02,95
금산,2024-03,89
금산,2024-04,72
금산,2024-05,87
금산,2024-06,80
금산,2024-07,76
금산,2024-08,69
금산,2024-09,80
금산,2024-10,71
금산,2024-11,83
금산,2024-12,89
금산,2025-01,80
금산,2025-02,101
금산,2025-03,86
금산,2025-04,89
김제,2023-03,166
김제,2023-04,143
김제,2023-05,157
김제,2023-06,153
김제,2023-07,166
김제,2023-08,144
김제,2023-09,151
김제,2023-10,165
김제,2023-11,160
김제,2023-12,152
김제,2024-01,157
김제,2024-02,157
김제,2024-03,165
김제,2024-04,144
김제,2024-05,148
김제,2024-06,145
김제,2024-07,159
김제,2024-09,182
김제,2024-10,140
김제,2024-11,130
김제,2024-12,139
김제,2025-01,137
김제,2025-02,141
김제,2025-03,144
김제,2025-04,141
김천,2023-03,297
김천,2023-04,260
김천,2023-05,294
김천,2023-06,304
김천,2023-07,347
김천,2023-08,355
김천,2023-09,353
김천,2023-10,353
김천,2023-11,325
김천,2023-12,335
김천,2024-01,337
김천,2024-02,334
김천,2024-03,312
김천,2024-04,300
김천,2024-05,307
김천,2024-06,322
김천,2024-07,287
김천,2024-08,313
김천,2024-09,304
김천,2024-10,313
김천,2024-11,292
김천,2024-12,309
김천,2025-01,282
김천,2025-02,318
김천,2025-03,225
김천,2025-04,282
김포,2023-03,595
김포,2023-04,775
김포,2023-05,652
김포,2023-06,342
김포,2023-07,869
김포,2023-08,634
김포,2023-09,897
김포,2023-10,636
김포,2023-11,907
김포,2023-12,322
김포,2024-01,696
김포,2024-02,693
김포,2024-03,650
김포,2024-04,721
김포,2024-05,690
김포,2024-06,758
김포,2024-07,636
김포,2024-08,674
김포,2024-09,680
김포,2024-10,696
김포,2024-11,718
김포,2024-12,719
김포,2025-01,645
김포,2025-02,724
김포,2025-03,635
김포,2025-04,698
김해,2023-03,674
김해,2023-04,653
김해,2023-05,699
김해,2023-06,682
김해,2023-07,682
김해,2023-08,704
김해,2023-09,897
김해,2023-10,645
김해,2023-11,166
김해,2023-12,305
김해,2024-01,481
김해,2024-02,268
김해,2024-03,540
김해,2024-04,591
김해,2024-05,342
김해,2024-06,687
김해,2024-07,342
김해,2024-08,750
김해,2024-09,515
김해,2024-10,657
김해,2024-11,477
김해,2024-12,609
김해,2025-01,522
김해,2025-02,643
김해,2025-03,600
김해,2025-04,590
나주,2023-03,140
나주,2023-04,253
나주,2023-05,237
나주,2023-06,141
나주,2023-07,270
나주,2023-08,209
나주,2023-09,228
나주,2023-10,239
나주,2023-11,146
나주,2023-12,260
나주,2024-01,234
나주,2024-02,155
나주,2024-03,242
나주,2024-04,240
나주,2024-05,225
나주,2024-06,237
나주,2024-07,238
나주,2024-09,278
나주,2024-10,244
나주,2024-11,258
나주,2024-12,214
나주,2025-01,224
나주,2025-02,232
나주,2025-03,229
나주,2025-04,212
남양주,2023-03,403
남양주,2023-04,61
남양주,2023-05,442
남양주,2023-06,316
남양주,2023-07,193
남양주,2023-08,310
남양주,2023-09,323
남양주,2023-10,255
남양주,2023-11,132
남양주,2023-12,325
남양주,2024-01,410
남양주,2024-02,379
남양주,2024-03,391
남양주,2024-04,403
남양주,2024-05,330
남양주,2024-06,384
남양주,2024-07,369
남양주,2024-08,397
남양주,2024-09,384
남양주,2024-10,419
남양주,2024-11,463
남양주,2024-12,480
남양주,2025-01,408
남양주,2025-02,427
남양주,2025-03,429
남양주,2025-04,466
남원,2023-03,41
남원,2023-04,192
남원,2023-05,156
남원,2023-06,93
남원,2023-07,198
남원,2023-08,140
남원,2023-09,51
남원,2023-10,143
남원,2023-11,162
남원,2023-12,141
남원,2024-01,149
남원,2024-02,171
남원,2024-03,152
남원,2024-04,148
남원,2024-05,162
남원,2024-06,160
남원,2024-07,174
남원,2024-09,200
남원,2024-10,174
남원,2024-11,162
남원,2024-12,157
남원,2025-01,165
남원,2025-02,212
남원,2025-03,49
남원,2025-04,165
남해,2023-03,58
남해,2023-04,90
남해,2023-05,74
남해,2023-06,37
남해,2023-07,55
남해,2023-08,86
남해,2023-09,79
남해,2023-10,74
남해,2023-11,60
남해,2023-12,29
남해,2024-01,83
남해,2024-02,43
남해,2024-03,82
남해,2024-04,80
남해,2024-05,79
남해,2024-06,73
남해,2024-07,97
남해,2024-08,93
남해,2024-09,81
남해,2024-10,73
남해,2024-11,79
남해,2024-12,61
남해,2025-01,59
남해,2025-02,78
남해,2025-03,26
남해,2025-04,68
논산,2023-03,343
논산,2023-04,338
논산,2023-05,311
논산,2023-06,446
논산,2023-07,368
논산,2023-08,333
논산,2023-09,253
논산,2023-10,400
논산,2023-11,317
논산,2023-12,217
논산,2024-01,401
논산,2024-02,342
논산,2024-03,261
논산,2024-04,386
논산,2024-05,359
논산,2024-06,329
논산,2024-07,315
논산,2024-08,86
논산,2024-09,316
논산,2024-10,317
논산,2024-11,332
논산,2024-12,315
논산,2025-01,318
논산,2025-02,318
논산,2025-03,317
논산,2025-04,330
담양,2023-03,70
담양,2023-04,66
담양,2023-05,76
담양,2023-06,64
담양,2023-07,81
담양,2023-08,69
담양,2023-09,66
담양,2023-10,64
담양,2023-11,69
담양,2023-12,72
담양,2024-01,67
담양,2024-02,74
담양,2024-03,77
담양,2024-04,67
담양,2024-05,70
담양,2024-06,73
담양,2024-07,74
담양,2024-09,91
담양,2024-10,77
담양,2024-11,68
담양,2024-12,64
담양,2025-01,64
담양,2025-02,68
담양,2025-03,6
담양,2025-04,11
당진,2023-03,149
당진,2023-04,144
당진,2023-05,157
당진,2023-06,164
당진,2023-07,162
당진,2023-08,131
당진,2023-09,151
당진,2023-10,156
당진,2023-11,158
당진,2023-12,171
당진,2024-01,164
당진,2024-02,165
당진,2024-03,158
당진,2024-04,164
당진,2024-05,162
당진,2024-06,111
당진,2024-07,153
당진,2024-08,159
당진,2024-09,160
당진,2024-10,163
당진,2024-11,154
당진,2024-12,157
당진,2025-01,123
당진,2025-02,141
당진,2025-03,149
당진,2025-04,142
대구,2023-03,561
대구,2023-04,558
대구,2023-05,643
대구,2023-06,583
대구,2023-07,575
대구,2023-08,647
대구,2023-09,639
대구,2023-10,663
대구,2023-11,676
대구,2023-12,674
대구,2024-01,750
대구,2024-02,658
대구,2024-03,619
대구,2024-04,950
대구,2024-05,637
대구,2024-06,750
대구,2024-07,1151
대구,2024-08,981
대구,2024-09,803
대구,2024-10,702
대구,2024-11,419
대구,2024-12,1094
대구,2025-01,763
대구,2025-02,1119
대구,2025-03,584
대구,2025-04,1219
대전,2023-03,224
대전,2023-04,239
대전,2023-05,262
대전,2023-06,347
대전,2023-07,211
대전,2023-08,253
대전,2023-09,192
대전,2023-10,302
대전,2023-11,265
대전,2023-12,318
대전,2024-01,354
대전,2024-02,372
대전,2024-03,396
대전,2024-04,455
대전,2024-05,446
대전,2024-06,415
대전,2024-07,444
대전,2024-08,440
대전,2024-09,568
대전,2024-10,639
대전,2024-11,534
대전,2024-12,521
대전,2025-01,527
대전,2025-02,589
대전,2025-03,646
대전,2025-04,604
동두천,2023-03,247
동두천,2023-04,249
동두천,2023-05,273
동두천,2023-06,39
동두천,2023-07,333
동두천,2023-08,253
동두천,2023-09,266
동두천,2023-10,256
동두천,2023-11,249
동두천,2023-12,268
동두천,2024-01,281
동두천,2024-02,275
동두천,2024-03,277
동두천,2024-04,274
동두천,2024-05,300
동두천,2024-06,37
동두천,2024-07,350
동두천,2024-08,288
동두천,2024-09,264
동두천,2024-10,283
동두천,2024-11,280
동두천,2024-12,281
동두천,2025-01,63
동두천,2025-02,369
동두천,2025-03,261
동두천,2025-04,317
동해,2023-03,268
동해,2023-04,50
동해,2023-05,326
동해,2023-06,89
동해,2023-07,289
동해,2023-08,208
동해,2023-09,180
동해,2023-10,177
동해,2023-11,258
동해,2023-12,221
동해,2024-01,167
동해,2024-02,225
동해,2024-03,265
동해,2024-04,161
동해,2024-05,256
동해,2024-06,210
동해,2024-07,261
동해,2024-08,203
동해,2024-09,255
동해,2024-10,225
동해,2024-11,158
동해,2024-12,217
동해,2025-01,211
동해,2025-02,228
동해,2025-03,244
동해,2025-04,212
목포,2023-03,703
목포,2023-04,750
목포,2023-05,862
목포,2023-06,225
목포,2023-07,730
목포,2023-08,724
목포,2023-09,913
목포,2023-10,627
목포,2023-11,646
목포,2023-12,683
목포,2024-01,870
목포,2024-02,415
목포,2024-03,757
목포,2024-04,712
목포,2024-05,795
목포,2024-06,667
목포,2024-07,844
목포,2024-09,852
목포,2024-10,734
목포,2024-11,741
목포,2024-12,659
목포,2025-01,689
목포,2025-02,711
목포,2025-03,676
목포,2025-04,732
무안,2023-03,168
무안,2023-04,221
무안,2023-05,233
무안,2023-06,156
무안,2023-07,212
무안,2023-08,227
무안,2023-09,201
무안,2023-10,158
무안,2023-11,186
무안,2023-12,180
무안,2024-01,228
무안,2024-02,152
무안,2024-03,193
무안,2024-04,183
무안,2024-05,188
무안,2024-06,178
무안,2024-07,194
무안,2024-09,228
무안,2024-10,189
무안,2024-11,185
무안,2024-12,182
무안,2025-01,204
무안,2025-02,130
무안,2025-03,185
무안,2025-04,173
무주,2023-03,14
무주,2023-04,31
무주,2023-05,42
무주,2023-06,15
무주,2023-07,45
무주,2023-08,29
무주,2023-09,36
무주,2023-10,29
무주,2023-11,34
무주,2023-12,26
무주,2024-01,18
무주,2024-02,33
무주,2024-03,30
무주,2024-04,30
무주,2024-05,17
무주,2024-06,37
무주,2024-07,34
무주,2024-09,37
무주,2024-10,31
무주,2024-11,39
무주,2024-12,33
무주,2025-01,33
무주,2025-02,31
무주,2025-03,26
무주,2025-04,33
문경,2023-03,219
문경,2023-04,232
문경,2023-05,225
문경,2023-06,241
문경,2023-07,207
문경,2023-08,232
문경,2023-09,253
문경,2023-10,215
문경,2023-11,225
문경,2023-12,197
문경,2024-01,245
문경,2024-02,228
문경,2024-03,204
문경,2024-04,250
문경,2024-05,236
문경,2024-06,183
문경,2024-07,266
문경,2024-08,259
문경,2024-09,214
문경,2024-10,231
문경,2024-11,191
문경,2024-12,231
문경,2025-01,211
문경,2025-02,250
문경,2025-03,188
문경,2025-04,253
밀양,2023-03,223
밀양,2023-04,195
밀양,2023-05,202
밀양,2023-06,200
밀양,2023-07,204
밀양,2023-08,195
밀양,2023-09,277
밀양,2023-10,246
밀양,2023-11,103
밀양,2023-12,250
밀양,2024-01,262
밀양,2024-02,74
밀양,2024-03,322
밀양,2024-04,125
밀양,2024-05,248
밀양,2024-06,310
밀양,2024-07,262
밀양,2024-08,241
밀양,2024-09,248
밀양,2024-10,269
밀양,2024-11,220
밀양,2024-12,235
밀양,2025-01,264
밀양,2025-02,231
밀양,2025-03,247
밀양,2025-04,231
보령,2023-03,153
보령,2023-04,133
보령,2023-05,129
보령,2023-06,144
보령,2023-07,138
보령,2023-08,122
보령,2023-09,146
보령,2023-10,138
보령,2023-11,148
보령,2023-12,140
보령,2024-01,156
보령,2024-02,128
보령,2024-03,132
보령,2024-04,149
보령,2024-05,184
보령,2024-06,47
보령,2024-07,139
보령,2024-08,144
보령,2024-09,163
보령,2024-10,153
보령,2024-11,153
보령,2024-12,159
보령,2025-01,150
보령,2025-02,139
보령,2025-03,147
보령,2025-04,163
보성,2023-03,88
보성,2023-04,61
보성,2023-05,109
보성,2023-06,85
보성,2023-07,94
보성,2023-08,99
보성,2023-09,93
보성,2023-10,89
보성,2023-11,89
보성,2023-12,94
보성,2024-01,101
보성,2024-02,95
보성,2024-03,104
보성,2024-04,92
보성,2024-05,96
보성,2024-06,91
보성,2024-07,102
보성,2024-09,120
보성,2024-10,110
보성,2024-11,108
보성,2024-12,97
보성,2025-01,104
보성,2025-02,81
보성,2025-03,91
보성,2025-04,96
보은,2023-03,65
보은,2023-04,57
보은,2023-05,60
보은,2023-06,74
보은,2023-07,58
보은,2023-08,52
보은,2023-09,56
보은,2023-10,50
보은,2023-11,42
보은,2023-12,54
보은,2024-01,66
보은,2024-02,59
보은,2024-03,68
보은,2024-04,65
보은,2024-05,61
보은,2024-06,41
보은,2024-07,54
보은,2024-08,54
보은,2024-09,50
보은,2024-10,66
보은,2024-11,67
보은,2024-12,59
보은,2025-01,68
보은,2025-02,63
보은,2025-03,59
보은,2025-04,61
봉화,2023-03,38
봉화,2023-04,39
봉화,2023-05,42
봉화,2023-06,43
봉화,2023-07,41
봉화,2023-08,42
봉화,2023-09,43
봉화,2023-10,38
봉화,2023-11,40
봉화,2023-12,37
봉화,2024-01,34
봉화,2024-02,36
봉화,2024-03,34
봉화,2024-04,42
봉화,2024-05,31
봉화,2024-06,38
봉화,2024-07,42
봉화,2024-08,38
봉화,2024-09,36
봉화,2024-10,45
봉화,2024-11,42
봉화,2024-12,38
봉화,2025-01,36
봉화,2025-02,40
봉화,2025-03,37
봉화,2025-04,39
부산,2023-03,4381
부산,2023-04,4491
부산,2023-05,4605
부산,2023-06,5050
부산,2023-07,4760
부산,2023-08,4675
부산,2023-09,5479
부산,2023-10,5050
부산,2023-11,4174
부산,2023-12,3919
부산,2024-01,6106
부산,2024-02,3512
부산,2024-03,6220
부산,2024-04,4888
부산,2024-05,5128
부산,2024-06,5931
부산,2024-07,5759
부산,2024-08,7068
부산,2024-09,4832
부산,2024-10,6259
부산,2024-11,4623
부산,2024-12,5819
부산,2025-01,3988
부산,2025-02,6938
부산,2025-03,4292
부산,2025-04,6080
부안,2023-03,94
부안,2023-04,81
부안,2023-05,101
부안,2023-06,80
부안,2023-07,109
부안,2023-08,80
부안,2023-09,94
부안,2023-10,86
부안,2023-11,84
부안,2023-12,91
부안,2024-01,91
부안,2024-02,82
부안,2024-03,83
부안,2024-04,84
부안,2024-05,84
부안,2024-06,80
부안,2024-07,86
부안,2024-09,107
부안,2024-10,96
부안,2024-11,66
부안,2024-12,77
부안,2025-01,77
부안,2025-02,80
부안,2025-03,80
부안,2025-04,71
부여,2023-03,58
부여,2023-04,60
부여,2023-05,66
부여,2023-06,68
부여,2023-07,71
부여,2023-08,70
부여,2023-09,64
부여,2023-10,66
부여,2023-11,66
부여,2023-12,60
부여,2024-01,72
부여,2024-02,66
부여,2024-03,68
부여,2024-04,73
부여,2024-05,70
부여,2024-06,3
부여,2024-07,18
부여,2024-08,96
부여,2024-09,64
부여,2024-10,95
부여,2024-11,67
부여,2024-12,62
부여,2025-01,79
부여,2025-02,67
부여,2025-03,67
부여,2025-04,57
부천,2023-03,430
부천,2023-04,864
부천,2023-05,747
부천,2023-06,619
부천,2023-07,839
부천,2023-08,795
부천,2023-09,732
부천,2023-10,720
부천,2023-11,714
부천,2023-12,796
부천,2024-01,373
부천,2024-02,637
부천,2024-03,663
부천,2024-04,823
부천,2024-05,690
부천,2024-06,694
부천,2024-07,717
부천,2024-08,709
부천,2024-09,698
부천,2024-10,683
부천,2024-11,702
부천,2024-12,671
부천,2025-01,648
부천,2025-02,666
부천,2025-03,604
부천,2025-04,202
사천,2023-03,59
사천,2023-04,46
사천,2023-05,14
사천,2023-06,17
사천,2023-07,43
사천,2023-08,53
사천,2023-09,45
사천,2023-10,49
사천,2023-11,42
사천,2023-12,326
사천,2024-01,44
사천,2024-02,41
사천,2024-03,46
사천,2024-04,46
사천,2024-05,9
사천,2024-06,43
사천,2024-07,360
사천,2024-08,122
사천,2024-09,49
사천,2024-10,29
사천,2024-11,23
사천,2024-12,13
사천,2025-01,307
사천,2025-02,289
사천,2025-03,263
사천,2025-04,234
산청,2023-03,24
산청,2023-05,28
산청,2023-06,26
산청,2023-07,29
산청,2023-09,26
산청,2023-10,36
산청,2023-11,28
산청,2023-12,30
산청,2024-01,25
산청,2024-03,32
산청,2024-05,24
산청,2024-06,27
산청,2024-07,32
산청,2024-08,27
산청,2024-09,26
산청,2024-10,22
산청,2024-11,25
산청,2024-12,24
산청,2025-01,22
산청,2025-02,28
산청,2025-03,26
산청,2025-04,25
삼척,2023-03,76
삼척,2023-04,6
삼척,2023-05,155
삼척,2023-06,87
삼척,2023-07,116
삼척,2023-08,100
삼척,2023-09,98
삼척,2023-10,108
삼척,2023-11,112
삼척,2023-12,95
삼척,2024-01,120
삼척,2024-02,108
삼척,2024-03,103
삼척,2024-04,100
삼척,2024-05,105
삼척,2024-06,105
삼척,2024-07,119
삼척,2024-08,112
삼척,2024-09,101
삼척,2024-10,116
삼척,2024-11,102
삼척,2024-12,106
삼척,2025-01,117
삼척,2025-02,124
삼척,2025-03,108
삼척,2025-04,115
상주,2023-03,350
상주,2023-04,334
상주,2023-05,357
상주,2023-06,341
상주,2023-07,348
상주,2023-08,334
상주,2023-09,357
상주,2023-10,342
상주,2023-11,276
상주,2023-12,329
상주,2024-01,343
상주,2024-02,282
상주,2024-03,315
상주,2024-04,317
상주,2024-05,306
상주,2024-06,298
상주,2024-07,348
상주,2024-08,337
상주,2024-09,291
상주,2024-10,303
상주,2024-11,294
상주,2024-12,320
상주,2025-01,297
상주,2025-02,336
상주,2025-03,282
상주,2025-04,341
서귀포,2023-03,223
서귀포,2023-04,247
서귀포,2023-05,221
서귀포,2023-06,266
서귀포,2023-07,239
서귀포,2023-08,199
서귀포,2023-09,246
서귀포,2023-10,221
서귀포,2023-11,207
서귀포,2023-12,175
서귀포,2024-01,246
서귀포,2024-02,67
서귀포,2024-03,274
서귀포,2024-04,185
서귀포,2024-05,225
서귀포,2024-06,231
서귀포,2024-07,259
서귀포,2024-08,278
서귀포,2024-09,142
서귀포,2024-10,273
서귀포,2024-11,211
서귀포,2024-12,233
서귀포,2025-01,170
서귀포,2025-02,182
서귀포,2025-03,154
서귀포,2025-04,266
서산,2023-04,294
서산,2023-05,369
서산,2023-06,301
서산,2023-07,76
서산,2023-08,263
서산,2023-09,275
서산,2023-10,309
서산,2023-11,35
서산,2023-12,258
서산,2024-01,396
서산,2024-02,200
서산,2024-03,218
서산,2024-04,282
서산,2024-05,278
서산,2024-06,268
서산,2024-07,296
서산,2024-08,272
서산,2024-09,286
서산,2024-10,414
서산,2024-11,334
서산,2024-12,387
서산,2025-01,413
서산,2025-02,234
서산,2025-03,211
서산,2025-04,321
서울,2023-03,10563
서울,2023-04,9390
서울,2023-05,10439
서울,2023-06,9578
서울,2023-07,10364
서울,2023-08,10304
서울,2023-09,10033
서울,2023-10,8165
서울,2023-11,10774
서울,2023-12,10980
서울,2024-01,9600
서울,2024-02,10371
서울,2024-03,10335
서울,2024-04,10337
서울,2024-05,10972
서울,2024-06,10724
서울,2024-07,10424
서울,2024-08,11158
서울,2024-09,11168
서울,2024-10,10915
서울,2024-11,9825
서울,2024-12,12146
서울,2025-01,8036
서울,2025-02,11418
서울,2025-03,10539
서울,2025-04,11049
서천,2023-03,94
서천,2023-04,108
서천,2023-05,33
서천,2023-06,117
서천,2023-07,83
서천,2023-08,80
서천,2023-09,90
서천,2023-10,95
서천,2023-11,89
서천,2023-12,93
서천,2024-01,84
서천,2024-02,94
서천,2024-03,92
서천,2024-04,104
서천,2024-05,100
서천,2024-06,101
서천,2024-07,111
서천,2024-08,104
서천,2024-09,102
서천,2024-10,101
서천,2024-11,92
서천,2024-12,109
서천,2025-01,95
서천,2025-02,100
서천,2025-03,90
서천,2025-04,99
성남,2023-03,591
성남,2023-04,536
성남,2023-05,625
성남,2023-06,630
성남,2023-07,762
성남,2023-08,483
성남,2023-09,614
성남,2023-10,522
성남,2023-11,643
성남,2023-12,665
성남,2024-01,513
성남,2024-02,634
성남,2024-03,529
성남,2024-04,604
성남,2024-05,762
성남,2024-06,486
성남,2024-07,689
성남,2024-08,556
성남,2024-09,735
성남,2024-10,462
성남,2024-11,632
성남,2024-12,824
성남,2025-01,372
성남,2025-02,842
성남,2025-03,636
성남,2025-04,703
성주,2023-03,76
성주,2023-04,65
성주,2023-05,76
성주,2023-06,72
성주,2023-07,75
성주,2023-08,52
성주,2023-09,81
성주,2023-10,62
성주,2023-11,61
성주,2023-12,30
성주,2024-01,79
성주,2024-02,4
성주,2024-03,63
성주,2024-04,57
성주,2024-05,63
성주,2024-06,62
성주,2024-07,55
성주,2024-08,67
성주,2024-09,39
성주,2024-10,74
성주,2024-11,30
성주,2024-12,61
성주,2025-01,55
성주,2025-02,58
성주,2025-03,78
성주,2025-04,73
세종,2023-03,148
세종,2023-04,124
세종,2023-05,123
세종,2023-06,181
세종,2023-07,163
세종,2023-08,18
세종,2023-09,113
세종,2023-10,155
세종,2023-11,124
세종,2023-12,133
세종,2024-01,150
세종,2024-02,169
세종,2024-03,148
세종,2024-04,173
세종,2024-05,193
세종,2024-06,101
세종,2024-07,163
세종,2024-08,186
세종,2024-09,184
세종,2024-10,186
세종,2024-11,162
세종,2024-12,174
세종,2025-01,217
세종,2025-02,205
세종,2025-03,196
세종,2025-04,168
속초,2023-03,205
속초,2023-04,12
속초,2023-05,251
속초,2023-06,183
속초,2023-07,184
속초,2023-08,272
속초,2023-09,30
속초,2023-10,249
속초,2023-11,195
속초,2023-12,39
속초,2024-01,174
속초,2024-02,172
속초,2024-03,198
속초,2024-04,177
속초,2024-05,192
속초,2024-06,190
속초,2024-07,181
속초,2024-08,168
속초,2024-09,198
속초,2024-10,175
속초,2024-11,172
속초,2024-12,180
속초,2025-01,190
속초,2025-02,166
속초,2025-03,184
속초,2025-04,184
수원,2023-03,1884
수원,2023-04,2050
수원,2023-05,1902
수원,2023-06,1725
수원,2023-07,2670
수원,2023-08,2282
수원,2023-09,1932
수원,2023-10,2196
수원,2023-11,1814
수원,2023-12,1952
수원,2024-01,1952
수원,2024-02,1874
수원,2024-03,1975
수원,2024-04,1880
수원,2024-05,1898
수원,2024-06,1601
수원,2024-07,2266
수원,2024-08,1863
수원,2024-09,2006
수원,2024-10,1925
수원,2024-11,1849
수원,2024-12,1977
수원,2025-01,1087
수원,2025-02,2351
수원,2025-03,1842
수원,2025-04,1935
순창,2023-03,30
순창,2023-04,31
순창,2023-05,35
순창,2023-06,20
순창,2023-07,27
순창,2023-08,16
순창,2023-09,30
순창,2023-10,27
순창,2023-11,28
순창,2023-12,27
순창,2024-01,34
순창,2024-02,33
순창,2024-03,33
순창,2024-04,30
순창,2024-05,28
순창,2024-06,26
순창,2024-07,33
순창,2024-09,44
순창,2024-10,42
순창,2024-11,32
순창,2024-12,36
순창,2025-01,33
순창,2025-02,30
순창,2025-03,31
순창,2025-04,31
순천,2023-03,741
순천,2023-04,947
순천,2023-05,985
순천,2023-06,1061
순천,2023-07,1207
순천,2023-08,1150
순천,2023-09,422
순천,2023-10,1010
순천,2023-11,1064
순천,2023-12,874
순천,2024-01,988
순천,2024-02,972
순천,2024-03,922
순천,2024-04,982
순천,2024-05,955
순천,2024-06,993
순천,2024-07,1004
순천,2024-09,1339
순천,2024-10,1041
순천,2024-11,999
순천,2024-12,962
순천,2025-01,1247
순천,2025-02,528
순천,2025-03,953
순천,2025-04,922
시흥,2023-03,412
시흥,2023-04,400
시흥,2023-05,395
시흥,2023-06,366
시흥,2023-07,389
시흥,2023-08,417
시흥,2023-09,345
시흥,2023-10,342
시흥,2023-11,382
시흥,2023-12,360
시흥,2024-01,393
시흥,2024-02,382
시흥,2024-03,382
시흥,2024-04,350
시흥,2024-05,381
시흥,2024-06,415
시흥,2024-07,380
시흥,2024-08,408
시흥,2024-09,389
시흥,2024-10,312
시흥,2024-11,348
시흥,2024-12,403
시흥,2025-01,300
시흥,2025-02,469
시흥,2025-03,395
시흥,2025-04,377
신안,2023-03,21
신안,2023-04,28
신안,2023-05,23
신안,2023-06,34
신안,2023-07,40
신안,2023-08,23
신안,2023-09,23
신안,2023-10,25
신안,2023-11,32
신안,2023-12,29
신안,2024-01,29
신안,2024-02,22
신안,2024-03,24
신안,2024-04,24
신안,2024-05,25
신안,2024-06,26
신안,2024-07,31
신안,2024-09,37
신안,2024-10,25
신안,2024-11,27
신안,2024-12,39
신안,2025-01,34
신안,2025-02,33
신안,2025-03,45
신안,2025-04,46
아산,2023-03,377
아산,2023-04,371
아산,2023-05,359
아산,2023-06,373
아산,2023-07,62
아산,2023-08,463
아산,2023-09,433
아산,2023-10,361
아산,2023-11,350
아산,2023-12,111
아산,2024-01,336
아산,2024-02,393
아산,2024-03,498
아산,2024-04,372
아산,2024-05,515
아산,2024-06,53
아산,2024-07,426
아산,2024-08,253
아산,2024-09,373
아산,2024-10,383
아산,2024-11,390
아산,2024-12,383
아산,2025-01,389
아산,2025-02,349
아산,2025-03,319
아산,2025-04,429
안동,2023-03,532
안동,2023-04,562
안동,2023-05,512
안동,2023-06,494
안동,2023-07,545
안동,2023-08,553
안동,2023-09,566
안동,2023-10,533
안동,2023-11,548
안동,2023-12,214
안동,2024-01,695
안동,2024-02,534
안동,2024-03,589
안동,2024-04,546
안동,2024-05,366
안동,2024-06,510
안동,2024-07,624
안동,2024-08,622
안동,2024-09,550
안동,2024-10,457
안동,2024-11,255
안동,2024-12,444
안동,2025-01,565
안동,2025-02,663
안동,2025-03,484
안동,2025-04,574
안산,2023-03,448
안산,2023-04,366
안산,2023-05,403
안산,2023-06,457
안산,2023-07,513
안산,2023-08,330
안산,2023-09,438
안산,2023-10,368
안산,2023-11,374
안산,2023-12,360
안산,2024-01,359
안산,2024-02,332
안산,2024-03,388
안산,2024-04,390
안산,2024-05,392
안산,2024-06,390
안산,2024-07,373
안산,2024-08,422
안산,2024-09,413
안산,2024-10,387
안산,2024-11,425
안산,2024-12,397
안산,2025-01,177
안산,2025-02,535
안산,2025-03,268
안산,2025-04,438
안성,2023-03,199
안성,2023-04,177
안성,2023-05,163
안성,2023-06,181
안성,2023-07,228
안성,2023-08,207
안성,2023-09,172
안성,2023-10,172
안성,2023-11,169
안성,2023-12,190
안성,2024-01,171
안성,2024-02,169
안성,2024-03,175
안성,2024-04,191
안성,2024-05,147
안성,2024-06,179
안성,2024-07,161
안성,2024-08,166
안성,2024-09,178
안성,2024-10,172
안성,2024-11,161
안성,2024-12,194
안성,2025-01,159
안성,2025-02,181
안성,2025-03,170
안성,2025-04,180
안양,2023-03,769
안양,2023-04,1630
안양,2023-05,1237
안양,2023-06,1182
안양,2023-07,1327
안양,2023-08,1457
안양,2023-09,1433
안양,2023-10,1172
안양,2023-11,1140
안양,2023-12,1171
안양,2024-01,1188
안양,2024-02,1145
안양,2024-03,1232
안양,2024-04,1166
안양,2024-05,1180
안양,2024-06,1224
안양,2024-07,1224
안양,2024-08,1175
안양,2024-09,1300
안양,2024-10,1200
안양,2024-11,1148
안양,2024-12,1216
안양,2025-01,1141
안양,2025-02,1204
안양,2025-03,1160
안양,2025-04,1212
양구,2023-03,37
양구,2023-04,3
양구,2023-05,37
양구,2023-06,29
양구,2023-07,31
양구,2023-08,29
양구,2023-09,26
양구,2023-10,19
양구,2023-11,29
양구,2023-12,25
양구,2024-01,26
양구,2024-02,25
양구,2024-03,27
양구,2024-04,24
양구,2024-05,21
양구,2024-06,23
양구,2024-07,31
양구,2024-08,28
양구,2024-09,25
양구,2024-10,27
양구,2024-11,26
양구,2024-12,26
양구,2025-01,25
양구,2025-02,31
양구,2025-03,19
양구,2025-04,35
양산,2023-03,333
양산,2023-04,347
양산,2023-05,400
양산,2023-06,392
양산,2023-07,253
양산,2023-08,352
양산,2023-09,473
양산,2023-10,365
양산,2023-11,19
양산,2023-12,352
양산,2024-01,453
양산,2024-02,169
양산,2024-03,308
양산,2024-04,70
양산,2024-05,149
양산,2024-06,182
양산,2024-07,228
양산,2024-08,241
양산,2024-09,205
양산,2024-10,233
양산,2024-11,190
양산,2024-12,240
양산,2025-01,148
양산,2025-02,236
양산,2025-03,259
양산,2025-04,255
양양,2023-03,60
양양,2023-04,8
양양,2023-05,78
양양,2023-06,70
양양,2023-07,66
양양,2023-08,65
양양,2023-09,60
양양,2023-10,59
양양,2023-11,49
양양,2023-12,74
양양,2024-01,56
양양,2024-02,64
양양,2024-03,57
양양,2024-04,56
양양,2024-05,57
양양,2024-06,58
양양,2024-07,56
양양,2024-08,60
양양,2024-09,66
양양,2024-10,57
양양,2024-11,62
양양,2024-12,61
양양,2025-01,60
양양,2025-02,60
양양,2025-03,55
양양,2025-04,64
양주,2023-03,179
양주,2023-04,195
양주,2023-05,198
양주,2023-06,20
양주,2023-07,194
양주,2023-08,142
양주,2023-09,146
양주,2023-10,174
양주,2023-11,192
양주,2023-12,68
양주,2024-01,207
양주,2024-02,210
양주,2024-03,174
양주,2024-04,179
양주,2024-05,197
양주,2024-06,76
양주,2024-07,230
양주,2024-08,190
양주,2024-09,186
양주,2024-10,164
양주,2024-11,188
양주,2024-12,180
양주,2025-01,79
양주,2025-02,247
양주,2025-03,85
양주,2025-04,240
양평,2023-03,153
양평,2023-04,141
양평,2023-05,154
양평,2023-06,154
양평,2023-07,183
양평,2023-08,184
양평,2023-09,167
양평,2023-10,177
양평,2023-11,165
양평,2023-12,175
양평,2024-01,180
양평,2024-02,188
양평,2024-03,158
양평,2024-04,191
양평,2024-05,168
양평,2024-06,189
양평,2024-07,208
양평,2024-08,191
양평,2024-09,152
양평,2024-10,105
양평,2024-11,179
양평,2024-12,144
양평,2025-01,120
양평,2025-02,192
양평,2025-03,149
양평,2025-04,220
여수,2023-03,586
여수,2023-04,545
여수,2023-05,574
여수,2023-06,595
여수,2023-07,618
여수,2023-08,607
여수,2023-09,602
여수,2023-10,615
여수,2023-11,563
여수,2023-12,389
여수,2024-01,609
여수,2024-02,608
여수,2024-03,612
여수,2024-04,458
여수,2024-05,588
여수,2024-06,554
여수,2024-07,505
여수,2024-09,707
여수,2024-10,615
여수,2024-11,687
여수,2024-12,468
여수,2025-01,637
여수,2025-02,469
여수,2025-03,664
여수,2025-04,614
여주,2023-03,170
여주,2023-04,174
여주,2023-05,170
여주,2023-06,174
여주,2023-07,172
여주,2023-08,167
여주,2023-09,178
여주,2023-10,170
여주,2023-11,159
여주,2023-12,169
여주,2024-01,176
여주,2024-02,174
여주,2024-03,164
여주,2024-04,173
여주,2024-05,172
여주,2024-06,165
여주,2024-07,161
여주,2024-08,176
여주,2024-09,168
여주,2024-10,160
여주,2024-11,153
여주,2024-12,161
여주,2025-01,3
여주,2025-02,117
여주,2025-03,150
여주,2025-04,164
연천,2023-03,83
연천,2023-04,18
연천,2023-05,127
연천,2023-06,122
연천,2023-07,89
연천,2023-08,108
연천,2023-09,69
연천,2023-10,26
연천,2023-11,108
연천,2023-12,91
연천,2024-01,113
연천,2024-02,18
연천,2024-03,71
연천,2024-04,86
연천,2024-05,69
연천,2024-06,76
연천,2024-07,68
연천,2024-08,86
연천,2024-09,85
연천,2024-10,44
연천,2024-11,79
연천,2024-12,69
연천,2025-01,27
연천,2025-02,102
연천,2025-03,69
연천,2025-04,74
영광,2023-03,159
영광,2023-04,148
영광,2023-05,169
영광,2023-06,158
영광,2023-07,159
영광,2023-08,160
영광,2023-09,159
영광,2023-10,170
영광,2023-11,161
영광,2023-12,164
영광,2024-01,162
영광,2024-02,130
영광,2024-03,175
영광,2024-04,162
영광,2024-05,168
영광,2024-06,167
영광,2024-07,165
영광,2024-09,208
영광,2024-10,174
영광,2024-11,35
영광,2024-12,153
영광,2025-01,177
영광,2025-02,178
영광,2025-03,143
영광,2025-04,161
영덕,2023-03,103
영덕,2023-04,40
영덕,2023-05,106
영덕,2023-06,84
영덕,2023-07,99
영덕,2023-08,83
영덕,2023-09,81
영덕,2023-10,91
영덕,2023-11,91
영덕,2023-12,34
영덕,2024-01,30
영덕,2024-02,82
영덕,2024-03,14
영덕,2024-04,100
영덕,2024-05,13
영덕,2024-06,67
영덕,2024-07,93
영덕,2024-08,84
영덕,2024-09,19
영덕,2024-10,75
영덕,2024-11,1
영덕,2024-12,90
영덕,2025-02,128
영덕,2025-03,2
영덕,2025-04,138
영동,2023-03,77
영동,2023-04,40
영동,2023-05,83
영동,2023-06,92
영동,2023-07,70
영동,2023-08,77
영동,2023-09,68
영동,2023-10,91
영동,2023-11,31
영동,2023-12,99
영동,2024-01,89
영동,2024-02,89
영동,2024-03,74
영동,2024-04,79
영동,2024-05,83
영동,2024-06,71
영동,2024-07,79
영동,2024-08,56
영동,2024-09,77
영동,2024-10,80
영동,2024-11,96
영동,2024-12,91
영동,2025-01,87
영동,2025-02,72
영동,2025-03,77
영동,2025-04,76
영암,2023-03,74
영암,2023-04,67
영암,2023-05,63
영암,2023-06,69
영암,2023-07,70
영암,2023-08,53
영암,2023-09,58
영암,2023-10,59
영암,2023-11,67
영암,2023-12,61
영암,2024-01,59
영암,2024-02,69
영암,2024-03,66
영암,2024-04,65
영암,2024-05,67
영암,2024-06,67
영암,2024-07,72
영암,2024-09,84
영암,2024-10,64
영암,2024-11,72
영암,2024-12,69
영암,2025-01,59
영암,2025-02,62
영암,2025-03,63
영암,2025-04,64
영양,2023-03,31
영양,2023-06,23
영양,2023-07,17
영양,2023-08,15
영양,2023-09,17
영양,2023-11,11
영양,2023-12,21
영양,2024-01,11
영양,2024-02,20
영양,2024-05,16
영양,2024-06,14
영양,2024-07,23
영양,2024-08,21
영양,2024-09,15
영양,2024-10,10
영양,2024-11,17
영양,2025-01,11
영양,2025-02,15
영양,2025-03,17
영양,2025-04,14
영월,2023-03,79
영월,2023-04,35
영월,2023-05,106
영월,2023-06,72
영월,2023-07,79
영월,2023-08,71
영월,2023-09,31
영월,2023-10,7
영월,2023-11,124
영월,2023-12,117
영월,2024-01,80
영월,2024-02,77
영월,2024-03,71
영월,2024-04,84
영월,2024-05,53
영월,2024-06,101
영월,2024-07,98
영월,2024-08,86
영월,2024-09,85
영월,2024-10,82
영월,2024-11,82
영월,2024-12,85
영월,2025-01,82
영월,2025-02,87
영월,2025-03,69
영월,2025-04,81
영주,2023-03,284
영주,2023-04,247
영주,2023-05,270
영주,2023-06,296
영주,2023-07,269
영주,2023-08,290
영주,2023-09,281
영주,2023-10,284
영주,2023-11,258
영주,2023-12,243
영주,2024-01,315
영주,2024-02,244
영주,2024-03,286
영주,2024-04,269
영주,2024-05,187
영주,2024-06,191
영주,2024-07,274
영주,2024-08,309
영주,2024-09,268
영주,2024-10,245
영주,2024-11,199
영주,2024-12,276
영주,2025-01,221
영주,2025-02,283
영주,2025-03,148
영주,2025-04,280
영천,2023-03,246
영천,2023-04,225
영천,2023-05,258
영천,2023-06,249
영천,2023-07,220
영천,2023-08,261
영천,2023-09,232
영천,2023-10,247
영천,2023-11,199
영천,2023-12,270
영천,2024-01,214
영천,2024-02,262
영천,2024-03,233
영천,2024-04,238
영천,2024-05,221
영천,2024-06,216
영천,2024-07,244
영천,2024-08,258
영천,2024-09,255
영천,2024-10,234
영천,2024-11,219
영천,2024-12,247
영천,2025-01,213
영천,2025-02,252
영천,2025-03,209
영천,2025-04,237
예산,2023-03,91
예산,2023-04,87
예산,2023-05,101
예산,2023-06,120
예산,2023-07,103
예산,2023-08,12
예산,2023-09,85
예산,2023-10,95
예산,2023-11,91
예산,2023-12,93
예산,2024-01,84
예산,2024-02,90
예산,2024-03,98
예산,2024-04,92
예산,2024-05,85
예산,2024-06,101
예산,2024-07,86
예산,2024-08,84
예산,2024-09,111
예산,2024-10,102
예산,2024-11,97
예산,2024-12,97
예산,2025-01,100
예산,2025-02,90
예산,2025-03,83
예산,2025-04,86
예천,2023-03,65
예천,2023-04,57
예천,2023-05,59
예천,2023-06,66
예천,2023-07,52
예천,2023-08,74
예천,2023-09,67
예천,2023-10,55
예천,2023-11,55
예천,2023-12,63
예천,2024-01,75
예천,2024-02,67
예천,2024-03,71
예천,2024-04,59
예천,2024-05,55
예천,2024-06,62
예천,2024-07,59
예천,2024-08,73
예천,2024-09,42
예천,2024-10,58
예천,2024-11,52
예천,2024-12,71
예천,2025-01,69
예천,2025-02,63
예천,2025-03,53
예천,2025-04,83
오산,2023-03,173
오산,2023-04,228
오산,2023-05,166
오산,2023-06,236
오산,2023-07,156
오산,2023-08,332
오산,2023-09,18
오산,2023-10,195
오산,2023-11,210
오산,2023-12,202
오산,2024-01,201
오산,2024-02,223
오산,2024-03,209
오산,2024-04,190
오산,2024-05,1
오산,2024-07,255
오산,2024-08,262
오산,2024-09,243
오산,2024-10,177
오산,2024-11,209
오산,2024-12,256
오산,2025-01,8
오산,2025-02,222
오산,2025-03,207
오산,2025-04,180
옥천,2023-03,65
옥천,2023-04,110
옥천,2023-05,65
옥천,2023-06,97
옥천,2023-07,80
옥천,2023-08,81
옥천,2023-09,76
옥천,2023-10,77
옥천,2023-11,79
옥천,2023-12,87
옥천,2024-01,81
옥천,2024-02,81
옥천,2024-03,78
옥천,2024-04,75
옥천,2024-05,83
옥천,2024-06,80
옥천,2024-07,85
옥천,2024-08,82
옥천,2024-09,93
옥천,2024-10,94
옥천,2024-11,57
옥천,2024-12,62
옥천,2025-01,114
옥천,2025-02,20
옥천,2025-03,83
옥천,2025-04,84
완도,2023-03,81
완도,2023-04,77
완도,2023-05,80
완도,2023-06,73
완도,2023-07,68
완도,2023-08,78
완도,2023-09,81
완도,2023-10,79
완도,2023-11,76
완도,2023-12,84
완도,2024-01,74
완도,2024-02,74
완도,2024-03,71
완도,2024-04,79
완도,2024-05,77
완도,2024-06,80
완도,2024-07,68
완도,2024-09,95
완도,2024-10,82
완도,2024-11,65
완도,2024-12,72
완도,2025-01,74
완도,2025-02,66
완도,2025-03,71
완도,2025-04,71
완주,2023-03,76
완주,2023-04,86
완주,2023-05,85
완주,2023-06,79
완주,2023-07,64
완주,2023-08,84
완주,2023-09,81
완주,2023-10,90
완주,2023-11,82
완주,2023-12,87
완주,2024-01,82
완주,2024-02,78
완주,2024-03,86
완주,2024-04,77
완주,2024-05,82
완주,2024-06,81
완주,2024-07,85
완주,2024-09,102
완주,2024-10,85
완주,2024-11,88
완주,2024-12,85
완주,2025-01,91
완주,2025-02,90
완주,2025-03,83
완주,2025-04,84
용인,2023-03,464
용인,2023-04,826
용인,2023-05,781
용인,2023-06,804
용인,2023-07,746
용인,2023-08,900
용인,2023-09,743
용인,2023-10,782
용인,2023-11,766
용인,2023-12,974
용인,2024-01,600
용인,2024-02,788
용인,2024-03,815
용인,2024-04,857
용인,2024-05,774
용인,2024-06,879
용인,2024-07,788
용인,2024-08,860
용인,2024-09,878
용인,2024-10,724
용인,2024-11,938
용인,2024-12,862
용인,2025-01,579
용인,2025-02,698
용인,2025-03,993
용인,2025-04,889
울릉,2023-05,3
울릉,2023-06,26
울릉,2023-08,8
울릉,2023-09,25
울릉,2023-10,12
울릉,2023-11,15
울릉,2023-12,17
울릉,2024-01,25
울릉,2024-02,2
울릉,2024-03,13
울릉,2024-04,11
울릉,2024-06,15
울릉,2024-07,17
울릉,2024-08,19
울릉,2024-09,23
울릉,2025-02,13
울릉,2025-03,17
울릉,2025-04,13
울산,2023-03,2498
울산,2023-04,2540
울산,2023-05,2991
울산,2023-06,2853
울산,2023-07,2489
울산,2023-08,907
울산,2023-09,3149
울산,2023-10,2549
울산,2023-11,2277
울산,2023-12,871
울산,2024-01,3188
울산,2024-02,611
울산,2024-03,3299
울산,2024-04,655
울산,2024-05,2267
울산,2024-06,2609
울산,2024-07,2675
울산,2024-08,3049
울산,2024-09,2444
울산,2024-10,2611
울산,2024-11,2355
울산,2024-12,2530
울산,2025-01,845
울산,2025-02,3174
울산,2025-03,854
울산,2025-04,3048
울진,2023-03,47
울진,2023-04,77
울진,2023-05,76
울진,2023-06,87
울진,2023-07,112
울진,2023-08,89
울진,2023-09,120
울진,2023-10,87
울진,2023-11,92
울진,2023-12,92
울진,2024-01,94
울진,2024-02,76
울진,2024-03,70
울진,2024-04,71
울진,2024-05,36
울진,2024-06,63
울진,2024-07,78
울진,2024-08,50
울진,2024-09,50
울진,2024-10,111
울진,2024-11,73
울진,2024-12,107
울진,2025-01,91
울진,2025-02,66
울진,2025-03,87
울진,2025-04,97
원주,2023-03,1141
원주,2023-04,121
원주,2023-05,1571
원주,2023-06,1106
원주,2023-07,1078
원주,2023-08,1136
원주,2023-09,779
원주,2023-10,1108
원주,2023-11,1177
원주,2023-12,1196
원주,2024-01,1195
원주,2024-02,1220
원주,2024-03,1170
원주,2024-04,1100
원주,2024-05,1090
원주,2024-06,1149
원주,2024-07,1285
원주,2024-08,1301
원주,2024-09,846
원주,2024-10,1021
원주,2024-11,1290
원주,2024-12,833
원주,2025-01,1107
원주,2025-02,1394
원주,2025-03,710
원주,2025-04,1055
음성,2023-03,57
음성,2023-04,55
음성,2023-05,60
음성,2023-06,57
음성,2023-07,51
음성,2023-08,53
음성,2023-09,60
음성,2023-10,52
음성,2023-11,48
음성,2023-12,52
음성,2024-01,3
음성,2024-02,1
음성,2024-03,78
음성,2024-04,6
음성,2024-05,59
음성,2024-07,2
음성,2024-08,3
음성,2024-09,62
음성,2024-10,5
음성,2024-11,5
음성,2024-12,69
음성,2025-01,4
음성,2025-02,9
음성,2025-03,8
음성,2025-04,71
의령,2023-03,56
의령,2023-04,51
의령,2023-05,62
의령,2023-06,50
의령,2023-07,53
의령,2023-08,3
의령,2023-09,60
의령,2023-10,53
의령,2023-11,52
의령,2023-12,16
의령,2024-01,59
의령,2024-02,8
의령,2024-03,59
의령,2024-04,15
의령,2024-05,50
의령,2024-06,56
의령,2024-07,54
의령,2024-08,53
의령,2024-09,37
의령,2024-10,61
의령,2024-11,50
의령,2024-12,57
의령,2025-01,22
의령,2025-02,57
의령,2025-03,44
의령,2025-04,52
의성,2023-03,123
의성,2023-04,124
의성,2023-05,148
의성,2023-06,131
의성,2023-07,15
의성,2023-08,138
의성,2023-09,136
의성,2023-10,121
의성,2023-11,37
의성,2023-12,104
의성,2024-01,145
의성,2024-02,41
의성,2024-03,137
의성,2024-04,127
의성,2024-05,123
의성,2024-06,127
의성,2024-07,146
의성,2024-08,137
의성,2024-09,13
의성,2024-10,130
의성,2024-11,121
의성,2024-12,134
의성,2025-01,91
의성,2025-02,137
의성,2025-03,122
의성,2025-04,132
의왕,2023-03,111
의왕,2023-04,80
의왕,2023-05,111
의왕,2023-06,87
의왕,2023-07,88
의왕,2023-08,102
의왕,2023-09,67
의왕,2023-10,100
의왕,2023-11,100
의왕,2023-12,89
의왕,2024-01,69
의왕,2024-02,95
의왕,2024-03,80
의왕,2024-04,94
의왕,2024-05,98
의왕,2024-06,86
의왕,2024-07,103
의왕,2024-08,95
의왕,2024-09,95
의왕,2024-10,81
의왕,2024-11,86
의왕,2024-12,77
의왕,2025-01,45
의왕,2025-02,92
의왕,2025-03,64
의왕,2025-04,126
의정부,2023-03,765
의정부,2023-04,768
의정부,2023-05,815
의정부,2023-06,815
의정부,2023-07,863
의정부,2023-08,893
의정부,2023-09,837
의정부,2023-10,1054
의정부,2023-11,705
의정부,2023-12,637
의정부,2024-01,614
의정부,2024-02,1026
의정부,2024-03,659
의정부,2024-04,1019
의정부,2024-05,691
의정부,2024-06,1088
의정부,2024-07,1065
의정부,2024-08,726
의정부,2024-09,950
의정부,2024-10,853
의정부,2024-11,1031
의정부,2024-12,987
의정부,2025-01,709
의정부,2025-02,1023
의정부,2025-03,943
의정부,2025-04,978
이천,2023-03,120
이천,2023-04,115
이천,2023-05,99
이천,2023-06,150
이천,2023-07,172
이천,2023-08,159
이천,2023-09,149
이천,2023-10,95
이천,2023-11,169
이천,2023-12,149
이천,2024-01,62
이천,2024-02,181
이천,2024-03,141
이천,2024-04,187
이천,2024-05,177
이천,2024-06,174
이천,2024-07,147
이천,2024-08,211
이천,2024-09,190
이천,2024-10,217
이천,2024-11,174
이천,2024-12,194
이천,2025-01,171
이천,2025-02,186
이천,2025-03,163
이천,2025-04,190
익산,2023-03,590
익산,2023-04,597
익산,2023-05,597
익산,2023-06,576
익산,2023-07,611
익산,2023-08,649
익산,2023-09,547
익산,2023-10,574
익산,2023-11,619
익산,2023-12,585
익산,2024-01,599
익산,2024-02,576
익산,2024-03,594
익산,2024-04,594
익산,2024-05,588
익산,2024-06,580
익산,2024-07,587
익산,2024-09,771
익산,2024-10,615
익산,2024-11,569
익산,2024-12,565
익산,2025-01,569
익산,2025-02,562
익산,2025-03,575
익산,2025-04,563
인제,2023-03,60
인제,2023-04,4
인제,2023-05,85
인제,2023-06,41
인제,2023-07,39
인제,2023-08,70
인제,2023-09,48
인제,2023-10,37
인제,2023-11,77
인제,2023-12,62
인제,2024-01,56
인제,2024-02,59
인제,2024-03,47
인제,2024-04,60
인제,2024-05,61
인제,2024-06,20
인제,2024-07,63
인제,2024-08,60
인제,2024-09,57
인제,2024-10,56
인제,2024-11,19
인제,2024-12,73
인제,2025-02,71
인제,2025-03,59
인제,2025-04,57
인천,2023-03,2796
인천,2023-04,3727
인천,2023-05,3105
인천,2023-06,2766
인천,2023-07,3482
인천,2023-08,3098
인천,2023-09,3685
인천,2023-10,3330
인천,2023-11,3232
인천,2023-12,3283
인천,2024-01,2895
인천,2024-02,3084
인천,2024-03,3182
인천,2024-04,2905
인천,2024-05,3063
인천,2024-06,2851
인천,2024-07,3006
인천,2024-08,3155
인천,2024-09,1145
인천,2024-10,4132
인천,2024-11,3107
인천,2024-12,3314
인천,2025-01,2339
인천,2025-02,3314
인천,2025-03,2878
인천,2025-04,3152
임실,2023-03,9
임실,2023-04,21
임실,2023-05,17
임실,2023-06,9
임실,2023-07,13
임실,2023-08,15
임실,2023-09,18
임실,2023-10,13
임실,2023-11,19
임실,2023-12,22
임실,2024-01,21
임실,2024-02,17
임실,2024-03,21
임실,2024-04,20
임실,2024-05,18
임실,2024-06,19
임실,2024-07,18
임실,2024-09,19
임실,2024-10,21
임실,2024-11,15
임실,2024-12,16
임실,2025-01,16
임실,2025-02,14
임실,2025-03,13
임실,2025-04,12
장성,2023-03,40
장성,2023-04,38
장성,2023-05,44
장성,2023-06,40
장성,2023-07,47
장성,2023-08,41
장성,2023-09,41
장성,2023-10,37
장성,2023-11,32
장성,2023-12,39
장성,2024-01,40
장성,2024-02,46
장성,2024-03,34
장성,2024-04,42
장성,2024-05,47
장성,2024-06,44
장성,2024-07,43
장성,2024-09,58
장성,2024-10,37
장성,2024-11,39
장성,2024-12,46
장성,2025-01,44
장성,2025-02,47
장성,2025-03,47
장성,2025-04,43
장수,2023-03,15
장수,2023-04,31
장수,2023-05,25
장수,2023-06,10
장수,2023-07,26
장수,2023-08,21
장수,2023-09,24
장수,2023-10,16
장수,2023-11,21
장수,2023-12,20
장수,2024-01,24
장수,2024-02,16
장수,2024-03,24
장수,2024-04,21
장수,2024-05,21
장수,2024-06,18
장수,2024-07,23
장수,2024-09,30
장수,2024-10,20
장수,2024-11,20
장수,2024-12,18
장수,2025-01,23
장수,2025-02,22
장수,2025-03,21
장수,2025-04,15
장흥,2023-03,98
장흥,2023-04,102
장흥,2023-05,96
장흥,2023-06,102
장흥,2023-07,106
장흥,2023-08,107
장흥,2023-09,109
장흥,2023-10,106
장흥,2023-11,92
장흥,2023-12,93
장흥,2024-01,87
장흥,2024-02,88
장흥,2024-03,105
장흥,2024-04,81
장흥,2024-05,106
장흥,2024-06,86
장흥,2024-07,99
장흥,2024-09,126
장흥,2024-10,100
장흥,2024-11,94
장흥,2024-12,96
장흥,2025-01,97
장흥,2025-02,87
장흥,2025-03,92
장흥,2025-04,89
전주,2023-03,1800
전주,2023-04,1924
전주,2023-05,2783
전주,2023-06,1075
전주,2023-07,2553
전주,2023-08,2018
전주,2023-09,1926
전주,2023-10,1749
전주,2023-11,1852
전주,2023-12,1927
전주,2024-01,1925
전주,2024-02,1888
전주,2024-03,1926
전주,2024-04,478
전주,2024-05,2609
전주,2024-06,1940
전주,2024-07,1902
전주,2024-09,1905
전주,2024-10,2562
전주,2024-11,1610
전주,2024-12,458
전주,2025-01,1918
전주,2025-02,1583
전주,2025-03,1846
전주,2025-04,553
정선,2023-03,34
정선,2023-04,17
정선,2023-05,41
정선,2023-06,38
정선,2023-07,33
정선,2023-08,46
정선,2023-09,8
정선,2023-10,26
정선,2023-11,39
정선,2023-12,40
정선,2024-01,40
정선,2024-02,27
정선,2024-03,40
정선,2024-04,23
정선,2024-05,37
정선,2024-06,43
정선,2024-07,42
정선,2024-08,47
정선,2024-09,32
정선,2024-10,34
정선,2024-11,38
정선,2024-12,49
정선,2025-01,50
정선,2025-02,34
정선,2025-03,39
정선,2025-04,36
정읍,2023-03,228
정읍,2023-04,201
정읍,2023-05,211
정읍,2023-06,226
정읍,2023-07,216
정읍,2023-08,266
정읍,2023-09,157
정읍,2023-10,239
정읍,2023-11,217
정읍,2023-12,218
정읍,2024-01,225
정읍,2024-02,204
정읍,2024-03,237
정읍,2024-04,219
정읍,2024-05,230
정읍,2024-06,219
정읍,2024-07,212
정읍,2024-09,309
정읍,2024-10,215
정읍,2024-11,218
정읍,2024-12,239
정읍,2025-01,222
정읍,2025-02,190
정읍,2025-03,221
정읍,2025-04,241
제주,2023-03,815
제주,2023-04,883
제주,2023-05,886
제주,2023-06,843
제주,2023-07,873
제주,2023-08,863
제주,2023-09,910
제주,2023-10,914
제주,2023-11,827
제주,2023-12,796
제주,2024-01,947
제주,2024-02,752
제주,2024-03,912
제주,2024-04,815
제주,2024-05,829
제주,2024-06,875
제주,2024-07,848
제주,2024-08,888
제주,2024-09,826
제주,2024-10,886
제주,2024-11,683
제주,2024-12,885
제주,2025-01,818
제주,2025-02,896
제주,2025-03,780
제주,2025-04,866
제천,2023-03,334
제천,2023-04,363
제천,2023-05,325
제천,2023-06,499
제천,2023-07,361
제천,2023-08,370
제천,2023-09,357
제천,2023-10,357
제천,2023-11,341
제천,2023-12,324
제천,2024-01,355
제천,2024-02,357
제천,2024-03,294
제천,2024-04,330
제천,2024-05,336
제천,2024-06,342
제천,2024-07,370
제천,2024-08,355
제천,2024-09,334
제천,2024-10,340
제천,2024-11,154
제천,2024-12,322
제천,2025-01,456
제천,2025-02,316
제천,2025-03,210
제천,2025-04,335
증평,2023-03,42
증평,2023-04,35
증평,2023-05,38
증평,2023-06,25
증평,2023-07,15
증평,2023-09,20
증평,2023-10,14
증평,2023-11,23
증평,2023-12,20
증평,2024-01,19
증평,2024-02,19
증평,2024-03,19
증평,2024-04,18
증평,2024-05,15
증평,2024-06,22
증평,2024-07,17
증평,2024-08,19
증평,2024-09,12
증평,2024-10,13
증평,2024-11,14
증평,2024-12,17
증평,2025-01,14
증평,2025-02,18
증평,2025-03,11
증평,2025-04,15
진도,2023-03,60
진도,2023-04,54
진도,2023-05,63
진도,2023-06,50
진도,2023-07,59
진도,2023-08,54
진도,2023-09,53
진도,2023-10,45
진도,2023-11,49
진도,2023-12,49
진도,2024-01,60
진도,2024-02,54
진도,2024-03,60
진도,2024-04,47
진도,2024-05,59
진도,2024-06,49
진도,2024-07,55
진도,2024-09,52
진도,2024-10,62
진도,2024-11,49
진도,2024-12,56
진도,2025-01,53
진도,2025-02,49
진도,2025-03,55
진도,2025-04,49
진안,2023-03,60
진안,2023-04,64
진안,2023-05,61
진안,2023-06,72
진안,2023-07,55
진안,2023-08,54
진안,2023-09,57
진안,2023-10,52
진안,2023-11,58
진안,2023-12,54
진안,2024-01,56
진안,2024-02,50
진안,2024-03,54
진안,2024-04,53
진안,2024-05,49
진안,2024-06,57
진안,2024-07,50
진안,2024-09,99
진안,2024-10,68
진안,2024-11,59
진안,2024-12,65
진안,2025-01,68
진안,2025-02,73
진안,2025-03,69
진안,2025-04,61
진주,2023-03,785
진주,2023-04,622
진주,2023-05,795
진주,2023-06,795
진주,2023-07,738
진주,2023-08,616
진주,2023-09,900
진주,2023-10,846
진주,2023-11,611
진주,2023-12,706
진주,2024-01,794
진주,2024-02,454
진주,2024-03,890
진주,2024-04,429
진주,2024-05,733
진주,2024-06,843
진주,2024-07,808
진주,2024-08,783
진주,2024-09,768
진주,2024-10,810
진주,2024-11,621
진주,2024-12,723
진주,2025-01,622
진주,2025-02,835
진주,2025-03,637
진주,2025-04,736
진천,2023-03,70
진천,2023-04,71
진천,2023-05,66
진천,2023-06,97
진천,2023-07,73
진천,2023-08,65
진천,2023-09,76
진천,2023-10,70
진천,2023-11,65
진천,2023-12,75
진천,2024-01,81
진천,2024-02,67
진천,2024-03,68
진천,2024-04,73
진천,2024-05,80
진천,2024-06,68
진천,2024-07,72
진천,2024-08,74
진천,2024-09,75
진천,2024-10,64
진천,2024-11,78
진천,2024-12,74
진천,2025-01,82
진천,2025-02,73
진천,2025-03,60
진천,2025-04,97
창녕,2023-03,20
창녕,2023-04,92
창녕,2023-05,82
창녕,2023-06,101
창녕,2023-07,12
창녕,2023-08,68
창녕,2023-09,103
창녕,2023-10,75
창녕,2023-11,76
창녕,2023-12,11
창녕,2024-01,108
창녕,2024-02,3
창녕,2024-03,87
창녕,2024-04,69
창녕,2024-05,74
창녕,2024-06,90
창녕,2024-07,79
창녕,2024-08,105
창녕,2024-09,75
창녕,2024-10,72
창녕,2024-11,61
창녕,2024-12,81
창녕,2025-01,1
창녕,2025-02,97
창녕,2025-03,16
창녕,2025-04,91
창원,2023-03,2338
창원,2023-04,2371
창원,2023-05,2589
창원,2023-06,2421
창원,2023-07,1499
창원,2023-08,2030
창원,2023-09,2712
창원,2023-10,2692
창원,2023-11,2063
창원,2023-12,1994
창원,2024-01,2717
창원,2024-02,1796
창원,2024-03,2573
창원,2024-04,2265
창원,2024-05,2393
창원,2024-06,2523
창원,2024-07,2399
창원,2024-08,2731
창원,2024-09,2253
창원,2024-10,2484
창원,2024-11,2020
창원,2024-12,2380
창원,2025-01,2037
창원,2025-02,2609
창원,2025-03,1669
창원,2025-04,2537
천안,2023-03,98
천안,2023-04,580
천안,2023-05,549
천안,2023-06,561
천안,2023-07,431
천안,2023-08,290
천안,2023-09,132
천안,2023-10,436
천안,2023-11,433
천안,2023-12,475
천안,2024-01,565
천안,2024-02,438
천안,2024-03,426
천안,2024-04,211
천안,2024-05,478
천안,2024-06,305
천안,2024-07,601
천안,2024-08,541
천안,2024-09,119
천안,2024-10,477
천안,2024-11,590
천안,2024-12,464
천안,2025-01,553
천안,2025-02,612
천안,2025-03,168
천안,2025-04,535
철원,2023-03,122
철원,2023-04,7
철원,2023-05,153
철원,2023-06,117
철원,2023-07,128
철원,2023-08,121
철원,2023-09,130
철원,2023-10,125
철원,2023-11,129
철원,2023-12,125
철원,2024-01,132
철원,2024-02,138
철원,2024-03,134
철원,2024-04,134
철원,2024-05,121
철원,2024-06,142
철원,2024-07,135
철원,2024-08,114
철원,2024-09,126
철원,2024-10,137
철원,2024-11,133
철원,2024-12,135
철원,2025-01,124
철원,2025-02,147
철원,2025-03,110
철원,2025-04,137
청도,2023-03,96
청도,2023-04,90
청도,2023-05,98
청도,2023-06,96
청도,2023-07,86
청도,2023-08,82
청도,2023-09,65
청도,2023-10,56
청도,2023-11,81
청도,2023-12,79
청도,2024-01,91
청도,2024-02,78
청도,2024-03,87
청도,2024-04,73
청도,2024-05,83
청도,2024-06,77
청도,2024-07,79
청도,2024-08,97
청도,2024-09,76
청도,2024-10,80
청도,2024-11,55
청도,2024-12,98
청도,2025-01,74
청도,2025-02,77
청도,2025-03,23
청도,2025-04,93
청송,2023-04,37
청송,2023-06,54
청송,2023-07,1
청송,2023-08,48
청송,2023-09,36
청송,2023-10,31
청송,2023-11,38
청송,2023-12,33
청송,2024-01,43
청송,2024-02,38
청송,2024-03,2
청송,2024-04,41
청송,2024-05,1
청송,2024-06,55
청송,2024-07,38
청송,2024-08,53
청송,2024-09,31
청송,2024-10,44
청송,2024-11,40
청송,2024-12,4
청송,2025-01,50
청송,2025-02,42
청송,2025-03,42
청송,2025-04,38
청양,2023-03,29
청양,2023-04,3
청양,2023-05,6
청양,2023-06,5
청양,2023-07,27
청양,2023-08,45
청양,2023-09,46
청양,2023-10,33
청양,2023-11,3
청양,2023-12,38
청양,2024-01,39
청양,2024-02,29
청양,2024-03,45
청양,2024-04,28
청양,2024-05,49
청양,2024-06,43
청양,2024-07,30
청양,2024-08,35
청양,2024-09,31
청양,2024-10,38
청양,2024-11,34
청양,2024-12,31
청양,2025-01,33
청양,2025-02,34
청양,2025-03,33
청양,2025-04,35
청주,2023-03,946
청주,2023-04,972
청주,2023-05,1044
청주,2023-06,1274
청주,2023-07,1035
청주,2023-08,989
청주,2023-09,770
청주,2023-10,1121
청주,2023-11,368
청주,2023-12,902
청주,2024-01,1019
청주,2024-02,963
청주,2024-03,913
청주,2024-04,1283
청주,2024-05,1062
청주,2024-06,914
청주,2024-07,1027
청주,2024-08,441
청주,2024-09,927
청주,2024-10,1029
청주,2024-11,1019
청주,2024-12,978
청주,2025-01,971
청주,2025-02,984
청주,2025-03,876
청주,2025-04,1107
춘천,2023-03,1145
춘천,2023-04,141
춘천,2023-05,1493
춘천,2023-06,981
춘천,2023-07,942
춘천,2023-08,1166
춘천,2023-09,1024
춘천,2023-10,997
춘천,2023-11,1098
춘천,2023-12,1051
춘천,2024-01,1061
춘천,2024-02,941
춘천,2024-03,982
춘천,2024-04,1041
춘천,2024-05,985
춘천,2024-06,944
춘천,2024-07,1005
춘천,2024-08,964
춘천,2024-09,1015
춘천,2024-10,912
춘천,2024-11,952
춘천,2024-12,988
춘천,2025-01,913
춘천,2025-02,996
춘천,2025-03,937
춘천,2025-04,1009
충주,2023-03,367
충주,2023-04,375
충주,2023-05,387
충주,2023-06,379
충주,2023-07,337
충주,2023-08,368
충주,2023-09,378
충주,2023-10,374
충주,2023-11,346
충주,2023-12,359
충주,2024-01,368
충주,2024-02,342
충주,2024-03,368
충주,2024-04,350
충주,2024-05,346
충주,2024-06,370
충주,2024-07,340
충주,2024-08,350
충주,2024-09,396
충주,2024-10,365
충주,2024-11,371
충주,2024-12,358
충주,2025-01,346
충주,2025-02,364
충주,2025-03,287
충주,2025-04,431
칠곡,2023-03,80
칠곡,2023-04,59
칠곡,2023-05,60
칠곡,2023-06,60
칠곡,2023-07,58
칠곡,2023-08,50
칠곡,2023-09,57
칠곡,2023-10,59
칠곡,2023-11,63
칠곡,2023-12,7
칠곡,2024-01,86
칠곡,2024-02,67
칠곡,2024-03,6
칠곡,2024-04,71
칠곡,2024-05,43
칠곡,2024-06,68
칠곡,2024-07,59
칠곡,2024-08,87
칠곡,2024-09,10
칠곡,2024-10,65
칠곡,2024-11,44
칠곡,2024-12,65
칠곡,2025-01,54
칠곡,2025-02,67
칠곡,2025-03,58
칠곡,2025-04,62
태백,2023-03,90
태백,2023-04,36
태백,2023-05,105
태백,2023-06,81
태백,2023-07,91
태백,2023-08,78
태백,2023-09,92
태백,2023-10,84
태백,2023-11,96
태백,2023-12,75
태백,2024-01,91
태백,2024-02,82
태백,2024-03,78
태백,2024-04,82
태백,2024-05,84
태백,2024-06,89
태백,2024-07,86
태백,2024-08,89
태백,2024-09,90
태백,2024-10,86
태백,2024-11,85
태백,2024-12,88
태백,2025-01,86
태백,2025-02,75
태백,2025-03,87
태백,2025-04,89
태안,2023-03,81
태안,2023-04,41
태안,2023-05,109
태안,2023-06,92
태안,2023-07,100
태안,2023-08,97
태안,2023-09,97
태안,2023-10,98
태안,2023-11,97
태안,2023-12,43
태안,2024-01,96
태안,2024-02,114
태안,2024-03,73
태안,2024-04,111
태안,2024-05,141
태안,2024-06,107
태안,2024-07,115
태안,2024-08,147
태안,2024-09,73
태안,2024-10,119
태안,2024-11,139
태안,2024-12,118
태안,2025-01,24
태안,2025-02,121
태안,2025-03,24
태안,2025-04,83
통영,2023-03,211
통영,2023-04,196
통영,2023-05,211
통영,2023-06,203
통영,2023-07,207
통영,2023-08,217
통영,2023-09,239
통영,2023-10,200
통영,2023-11,219
통영,2023-12,17
통영,2024-01,246
통영,2024-02,6
통영,2024-03,195
통영,2024-04,176
통영,2024-05,192
통영,2024-06,200
통영,2024-07,204
통영,2024-08,246
통영,2024-09,142
통영,2024-10,146
통영,2024-11,152
통영,2024-12,195
통영,2025-01,100
통영,2025-02,228
통영,2025-03,181
통영,2025-04,198
파주,2023-03,338
파주,2023-04,329
파주,2023-05,390
파주,2023-06,273
파주,2023-07,345
파주,2023-08,336
파주,2023-09,312
파주,2023-10,335
파주,2023-11,359
파주,2023-12,243
파주,2024-01,339
파주,2024-02,255
파주,2024-03,384
파주,2024-04,373
파주,2024-05,264
파주,2024-06,372
파주,2024-07,307
파주,2024-08,222
파주,2024-09,218
파주,2024-10,371
파주,2024-11,340
파주,2024-12,253
파주,2025-01,292
파주,2025-02,407
파주,2025-03,442
파주,2025-04,403
평창,2023-03,15
평창,2023-04,11
평창,2023-05,16
평창,2023-06,15
평창,2023-07,17
평창,2023-08,15
평창,2023-09,24
평창,2023-10,15
평창,2023-11,16
평창,2023-12,20
평창,2024-01,13
평창,2024-02,16
평창,2024-03,20
평창,2024-04,12
평창,2024-05,13
평창,2024-06,21
평창,2024-07,17
평창,2024-08,20
평창,2024-09,18
평창,2024-10,23
평창,2024-11,22
평창,2024-12,22
평창,2025-01,15
평창,2025-02,20
평창,2025-03,18
평창,2025-04,18
평택,2023-03,678
평택,2023-04,506
평택,2023-05,437
평택,2023-06,578
평택,2023-07,587
평택,2023-08,639
평택,2023-09,508
평택,2023-10,611
평택,2023-11,486
평택,2023-12,504
평택,2024-01,508
평택,2024-02,532
평택,2024-03,460
평택,2024-04,559
평택,2024-05,541
평택,2024-06,512
평택,2024-07,560
평택,2024-08,538
평택,2024-09,563
평택,2024-10,533
평택,2024-11,517
평택,2024-12,589
평택,2025-01,527
평택,2025-02,649
평택,2025-03,542
평택,2025-04,514
포천,2023-03,168
포천,2023-04,258
포천,2023-05,202
포천,2023-06,114
포천,2023-07,228
포천,2023-08,178
포천,2023-09,189
포천,2023-10,183
포천,2023-11,195
포천,2023-12,176
포천,2024-01,64
포천,2024-02,234
포천,2024-03,174
포천,2024-04,75
포천,2024-05,167
포천,2024-06,191
포천,2024-07,180
포천,2024-08,53
포천,2024-09,251
포천,2024-10,78
포천,2024-11,61
포천,2024-12,173
포천,2025-01,179
포천,2025-02,232
포천,2025-03,243
포천,2025-04,211
포항,2023-03,1303
포항,2023-04,1236
포항,2023-05,1343
포항,2023-06,1273
포항,2023-07,1334
포항,2023-08,1313
포항,2023-09,1344
포항,2023-10,1295
포항,2023-11,1328
포항,2023-12,1379
포항,2024-01,1371
포항,2024-02,1278
포항,2024-03,1378
포항,2024-04,1292
포항,2024-05,1302
포항,2024-06,1127
포항,2024-07,1524
포항,2024-08,1254
포항,2024-09,1311
포항,2024-10,1331
포항,2024-11,1315
포항,2024-12,1312
포항,2025-01,1294
포항,2025-02,1357
포항,2025-03,1216
포항,2025-04,1272
하남,2023-03,235
하남,2023-04,160
하남,2023-05,265
하남,2023-06,227
하남,2023-07,244
하남,2023-08,202
하남,2023-09,254
하남,2023-10,227
하남,2023-11,254
하남,2023-12,247
하남,2024-01,249
하남,2024-02,269
하남,2024-03,231
하남,2024-04,234
하남,2024-05,203
하남,2024-06,227
하남,2024-07,286
하남,2024-08,244
하남,2024-09,254
하남,2024-10,149
하남,2024-11,278
하남,2024-12,319
하남,2025-01,119
하남,2025-02,222
하남,2025-03,262
하남,2025-04,233
하동,2023-03,68
하동,2023-04,73
하동,2023-05,86
하동,2023-06,70
하동,2023-07,70
하동,2023-08,62
하동,2023-09,73
하동,2023-10,70
하동,2023-11,68
하동,2023-12,47
하동,2024-01,83
하동,2024-02,45
하동,2024-03,84
하동,2024-04,49
하동,2024-05,75
하동,2024-06,82
하동,2024-07,75
하동,2024-08,92
하동,2024-09,64
하동,2024-10,75
하동,2024-11,57
하동,2024-12,80
하동,2025-01,67
하동,2025-02,82
하동,2025-03,76
하동,2025-04,72
함안,2023-03,96
함안,2023-04,92
함안,2023-05,112
함안,2023-06,98
함안,2023-07,85
함안,2023-08,96
함안,2023-09,104
함안,2023-10,105
함안,2023-11,31
함안,2023-12,100
함안,2024-01,103
함안,2024-02,67
함안,2024-03,101
함안,2024-04,100
함안,2024-05,97
함안,2024-06,93
함안,2024-07,103
함안,2024-08,111
함안,2024-09,54
함안,2024-10,107
함안,2024-11,54
함안,2024-12,97
함안,2025-01,95
함안,2025-02,102
함안,2025-03,57
함안,2025-04,96
함양,2023-03,66
함양,2023-04,87
함양,2023-05,75
함양,2023-06,84
함양,2023-07,79
함양,2023-08,80
함양,2023-09,86
함양,2023-10,9
함양,2023-11,70
함양,2023-12,69
함양,2024-01,79
함양,2024-02,76
함양,2024-03,73
함양,2024-04,78
함양,2024-05,81
함양,2024-06,9
함양,2024-07,83
함양,2024-08,97
함양,2024-09,83
함양,2024-10,86
함양,2024-11,80
함양,2024-12,77
함양,2025-01,75
함양,2025-02,85
함양,2025-03,78
함양,2025-04,77
함평,2023-03,41
함평,2023-04,29
함평,2023-05,47
함평,2023-06,36
함평,2023-07,36
함평,2023-08,42
함평,2023-09,40
함평,2023-10,40
함평,2023-11,35
함평,2023-12,38
함평,2024-01,52
함평,2024-02,44
함평,2024-03,50
함평,2024-04,44
함평,2024-05,37
함평,2024-06,41
함평,2024-07,39
함평,2024-09,49
함평,2024-10,47
함평,2024-11,42
함평,2024-12,39
함평,2025-01,38
함평,2025-02,38
함평,2025-03,46
함평,2025-04,34
합천,2023-03,58
합천,2023-04,60
합천,2023-05,61
합천,2023-06,4
합천,2023-07,62
합천,2023-08,61
합천,2023-09,61
합천,2023-10,65
합천,2023-11,62
합천,2023-12,62
합천,2024-01,8
합천,2024-02,75
합천,2024-03,82
합천,2024-04,64
합천,2024-05,63
합천,2024-06,66
합천,2024-07,64
합천,2024-08,77
합천,2024-09,53
합천,2024-10,64
합천,2024-11,57
합천,2024-12,22
합천,2025-01,61
합천,2025-02,85
합천,2025-03,55
합천,2025-04,15
해남,2023-03,282
해남,2023-04,311
해남,2023-05,305
해남,2023-06,123
해남,2023-07,306
해남,2023-08,266
해남,2023-09,275
해남,2023-10,240
해남,2023-11,270
해남,2023-12,94
해남,2024-01,312
해남,2024-02,94
해남,2024-03,314
해남,2024-04,88
해남,2024-05,315
해남,2024-06,263
해남,2024-07,252
해남,2024-09,330
해남,2024-10,253
해남,2024-11,240
해남,2024-12,168
해남,2025-01,300
해남,2025-02,226
해남,2025-03,269
해남,2025-04,235
홍성,2023-03,263
홍성,2023-04,287
홍성,2023-05,286
홍성,2023-06,386
홍성,2023-07,306
홍성,2023-08,297
홍성,2023-09,312
홍성,2023-10,312
홍성,2023-11,299
홍성,2023-12,301
홍성,2024-01,301
홍성,2024-02,288
홍성,2024-03,301
홍성,2024-04,297
홍성,2024-05,301
홍성,2024-06,259
홍성,2024-07,255
홍성,2024-08,298
홍성,2024-09,302
홍성,2024-10,174
홍성,2024-11,369
홍성,2024-12,288
홍성,2025-01,256
홍성,2025-02,275
홍성,2025-03,223
홍성,2025-04,344
홍천,2023-03,147
홍천,2023-04,35
홍천,2023-05,181
홍천,2023-06,98
홍천,2023-07,122
홍천,2023-08,128
홍천,2023-09,124
홍천,2023-10,135
홍천,2023-11,121
홍천,2023-12,145
홍천,2024-01,140
홍천,2024-02,94
홍천,2024-03,141
홍천,2024-04,134
홍천,2024-05,129
홍천,2024-06,119
홍천,2024-07,95
홍천,2024-08,123
홍천,2024-09,145
홍천,2024-10,95
홍천,2024-11,129
홍천,2024-12,131
홍천,2025-01,138
홍천,2025-02,136
홍천,2025-03,135
홍천,2025-04,124
화성,2023-03,252
화성,2023-04,195
화성,2023-05,203
화성,2023-06,208
화성,2023-07,244
화성,2023-08,229
화성,2023-09,206
화성,2023-10,227
화성,2023-11,228
화성,2023-12,256
화성,2024-01,216
화성,2024-02,253
화성,2024-03,213
화성,2024-04,269
화성,2024-05,248
화성,2024-06,271
화성,2024-07,241
화성,2024-08,229
화성,2024-09,282
화성,2024-10,257
화성,2024-11,219
화성,2024-12,204
화성,2025-01,165
화성,2025-02,263
화성,2025-03,237
화성,2025-04,310
화순,2023-03,105
화순,2023-04,105
화순,2023-05,117
화순,2023-06,105
화순,2023-07,117
화순,2023-08,110
화순,2023-09,109
화순,2023-10,105
화순,2023-11,104
화순,2023-12,102
화순,2024-01,99
화순,2024-02,108
화순,2024-03,110
화순,2024-04,110
화순,2024-05,128
화순,2024-06,110
화순,2024-07,120
화순,2024-09,152
화순,2024-10,109
화순,2024-11,120
화순,2024-12,107
화순,2025-01,114
화순,2025-02,120
화순,2025-03,118
화순,2025-04,116
화천,2023-03,25
화천,2023-04,1
화천,2023-05,19
화천,2023-06,17
화천,2023-07,31
화천,2023-08,23
화천,2023-09,15
화천,2023-10,25
화천,2023-11,38
화천,2023-12,19
화천,2024-01,22
화천,2024-02,27
화천,2024-03,22
화천,2024-04,21
화천,2024-05,24
화천,2024-06,21
화천,2024-07,17
화천,2024-08,19
화천,2024-09,23
화천,2024-10,27
화천,2024-11,24
화천,2024-12,21
화천,2025-01,15
화천,2025-02,19
화천,2025-03,24
화천,2025-04,15
횡성,2023-03,100
횡성,2023-04,55
횡성,2023-05,110
횡성,2023-06,91
횡성,2023-07,105
횡성,2023-08,98
횡성,2023-09,62
횡성,2023-10,77
횡성,2023-11,98
횡성,2023-12,104
횡성,2024-01,62
횡성,2024-02,128
횡성,2024-03,123
횡성,2024-04,103
횡성,2024-05,106
횡성,2024-06,82
횡성,2024-07,106
횡성,2024-08,94
횡성,2024-09,80
횡성,2024-10,100
횡성,2024-11,112
횡성,2024-12,95
횡성,2025-01,74
횡성,2025-02,81
횡성,2025-03,87
횡성,2025-04,110
